{
  "sonyu.9.WLoop.0": 0.25,
  "sonyu.9.SLoop.0": 0.5199027,
  "sonyu.9.OLoop.0": 0.9880123,
  "sonyu.10.WLoop.0": 0.4341354,
  "sonyu.10.SLoop.0": 0.9055362,
  "sonyu.10.OLoop.0": 0.9685769,
  "sonyu.11.WLoop.0": 0.8953152,
  "sonyu.11.SLoop.0": 0.1751766,
  "sonyu.11.OLoop.0": 0.9192567,
  "sonyu.12.WLoop.0": 0.09556512,
  "sonyu.12.SLoop.0": 0.9297943,
  "sonyu.12.OLoop.0": 0.3201385,
  "sonyu.0.WLoop.0": 0.2155571,
  "sonyu.0.SLoop.0": 0.1671515,
  "sonyu.0.OLoop.0": 0.9366393,
  "sonyu.1.WLoop.0": 0.9430294,
  "sonyu.1.SLoop.0": 0.2694383,
  "sonyu.1.OLoop.0": 0.0840826,
  "sonyu.2.WLoop.0": 0.5001087,
  "sonyu.2.SLoop.0": 0.1849718,
  "sonyu.2.OLoop.0": 0.957346,
  "sonyu.3.WLoop.0": 0.3310409,
  "sonyu.3.SLoop.0": 0.1534224,
  "sonyu.3.OLoop.0": 0.8189626,
  "sonyu.4.WLoop.0": 0.9488726,
  "sonyu.4.SLoop.0": 0.2407475,
  "sonyu.4.OLoop.0": 0.1484954,
  "sonyu.6.WLoop.0": 0.8933277,
  "sonyu.6.SLoop.0": 0.1974277,
  "sonyu.6.OLoop.0": 0,
  "sonyu.7.WLoop.0": 0.2255281,
  "sonyu.7.SLoop.0": 0.4492655,
  "sonyu.7.OLoop.0": 0.8939435,
  "sonyu.8.WLoop.0": 0.2304764,
  "sonyu.8.SLoop.0": 0.4580402,
  "sonyu.8.OLoop.0": 0.04387951,
  "sonyu.23.WLoop.0": 0.07942724,
  "sonyu.23.SLoop.0": 0.9985008,
  "sonyu.23.OLoop.0": 0.1289151,
  "sonyu.26.WLoop.0": 0.8515744,
  "sonyu.26.SLoop.0": 0.1763554,
  "sonyu.26.OLoop.0": 0.3384476,
  "sonyu.13.WLoop.0": 0.2367048,
  "sonyu.13.SLoop.0": 0.9518476,
  "sonyu.13.OLoop.0": 0.9380744,
  "sonyu.14.WLoop.0": 0.426898,
  "sonyu.14.SLoop.0": 0.1048675,
  "sonyu.14.OLoop.0": 0.8736467,
  "sonyu.15.WLoop.0": 0.5098515,
  "sonyu.15.SLoop.0": 0.4909382,
  "sonyu.15.OLoop.0": 0.8721614,
  "sonyu.16.WLoop.0": 0.5578098,
  "sonyu.16.SLoop.0": 0.8853645,
  "sonyu.16.OLoop.0": 0.105258,
  "sonyu.19.WLoop.0": 0.2770634,
  "sonyu.19.SLoop.0": 0.1949372,
  "sonyu.19.OLoop.0": 0.9595118,
  "sonyu.17.WLoop.0": 0.2271376,
  "sonyu.17.SLoop.0": 0.4290304,
  "sonyu.17.OLoop.0": 0.9597445,
  "sonyu3P.0.WLoop.0": 0,
  "sonyu3P.0.SLoop.0": 0.9995918,
  "sonyu3P.0.OLoop.0": 0.87395,
  "sonyu3P.1.WLoop.0": 0.25,
  "sonyu3P.1.SLoop.0": 0,
  "sonyu3P.1.OLoop.0": 0.9146178,
  "sonyu3P.0.WLoop.1": 0.25,
  "sonyu3P.0.SLoop.1": 0,
  "sonyu3P.0.OLoop.1": 0.87395,
  "sonyu3P.1.WLoop.1": 0.05144724,
  "sonyu3P.1.SLoop.1": 0.973187,
  "sonyu3P.1.OLoop.1": 0.9305124,
  "houshi.1.SLoop.0": 0.5,
  "houshi.2.SLoop.0": 0.5,
  "houshi.33.SLoop.0": 0.5,
  "houshi.33.OLoop.0": 0.2,
  "houshi.36.SLoop.0": 0.5,
  "houshi.49.SLoop.0": 0.3,
  "houshi.49.OLoop.0": 0.4,
  "houshi.7.SLoop.0": 0.5,
  "houshi.7.OLoop.0": 0.5,
  "houshi.8.SLoop.0": 0.5,
  "houshi.35.WLoop.0": 0.8,
  "houshi.35.SLoop.0": 0.3,
  "houshi.39.SLoop.0": 0.5,
  "houshi.39.OLoop.0": 0.5,
  "houshi.40.SLoop.0": 0.5,
  "houshi.40.OLoop.0": 0.5,
  "houshi.42.WLoop.0": 0.5,
  "houshi.42.SLoop.0": 0.5,
  "houshi.42.OLoop.0": 0.5,
  "houshi.11.WLoop.0": 0.3,
  "houshi.12.SLoop.0": 0.5,
  "houshi.15.WLoop.0": 0.2,
  "houshi.43.WLoop.0": 0.3,
  "houshi.44.WLoop.0": 0.5,
  "houshi.44.SLoop.0": 0.5,
  "houshi.47.WLoop.0": 0.3,
  "masturbation.2.WLoop.0": 0.5,
  "masturbation.2.OLoop.0": 0.5,
  "masturbation.0.WLoop.0": 0.5,
  "masturbation.0.MLoop.0": 0.5,
  "masturbation.0.OLoop.0": 0.5,
  "masturbation.1.WLoop.0": 0.5,
  "masturbation.1.OLoop.0": 0.5
}
