{
  "Chair Cowgirl.WLoop.0": 0.25,
  "Chair Cowgirl.SLoop.0": 0.5199027,
  "Chair Cowgirl.OLoop.0": 0.9880123,
  "Chair Reverse Cowgirl.WLoop.0": 0.4341354,
  "Chair Reverse Cowgirl.SLoop.0": 0.9055362,
  "Chair Reverse Cowgirl.OLoop.0": 0.9685769,
  "Chair Doggy.WLoop.0": 0.8953152,
  "Chair Doggy.SLoop.0": 0.1751766,
  "Chair Doggy.OLoop.0": 0.9192567,
  "C. Doggy (Arm Pull).WLoop.0": 0.09556512,
  "C. Doggy (Arm Pull).SLoop.0": 0.9297943,
  "C. Doggy (Arm Pull).OLoop.0": 0.3201385,
  "Missionary.WLoop.0": 0.2155571,
  "Missionary.SLoop.0": 0.1671515,
  "Missionary.OLoop.0": 0.9366393,
  "Spread Missionary.WLoop.0": 0.9430294,
  "Spread Missionary.SLoop.0": 0.2694383,
  "Spread Missionary.OLoop.0": 0.0840826,
  "Doggy.WLoop.0": 0.5001087,
  "Doggy.SLoop.0": 0.1849718,
  "Doggy.OLoop.0": 0.957346,
  "Doggy (Arm Pull).WLoop.0": 0.3310409,
  "Doggy (Arm Pull).SLoop.0": 0.1534224,
  "Doggy (Arm Pull).OLoop.0": 0.8189626,
  "Cowgirl.WLoop.0": 0.9488726,
  "Cowgirl.SLoop.0": 0.2407475,
  "Cowgirl.OLoop.0": 0.1484954,
  "Side.WLoop.0": 0.8933277,
  "Side.SLoop.0": 0.1974277,
  "Side.OLoop.0": 0,
  "Standing.WLoop.0": 0.2255281,
  "Standing.SLoop.0": 0.4492655,
  "Standing.OLoop.0": 0.8939435,
  "Standing Missionary.WLoop.0": 0.2304764,
  "Standing Missionary.SLoop.0": 0.4580402,
  "Standing Missionary.OLoop.0": 0.04387951,
  "Missionary Press.WLoop.0": 0.07942724,
  "Missionary Press.SLoop.0": 0.9985008,
  "Missionary Press.OLoop.0": 0.1289151,
  "Prone Doggy.WLoop.0": 0.8515744,
  "Prone Doggy.SLoop.0": 0.1763554,
  "Prone Doggy.OLoop.0": 0.3384476,
  "Desk Missionary.WLoop.0": 0.2367048,
  "Desk Missionary.SLoop.0": 0.9518476,
  "Desk Missionary.OLoop.0": 0.9380744,
  "Desk Doggy.WLoop.0": 0.426898,
  "Desk Doggy.SLoop.0": 0.1048675,
  "Desk Doggy.OLoop.0": 0.8736467,
  "D. Doggy (Arm Pull).WLoop.0": 0.5098515,
  "D. Doggy (Arm Pull).SLoop.0": 0.4909382,
  "D. Doggy (Arm Pull).OLoop.0": 0.8721614,
  "Desk Side.WLoop.0": 0.5578098,
  "Desk Side.SLoop.0": 0.8853645,
  "Desk Side.OLoop.0": 0.105258,
  "Doggy (One Leg Up).WLoop.0": 0.2770634,
  "Doggy (One Leg Up).SLoop.0": 0.1949372,
  "Doggy (One Leg Up).OLoop.0": 0.9595118,
  "Lotus (One Leg Up).WLoop.0": 0.2271376,
  "Lotus (One Leg Up).SLoop.0": 0.4290304,
  "Lotus (One Leg Up).OLoop.0": 0.9597445,
  // 3P
  "Cowgirl Cunnilingus.WLoop.0": 0,
  "Cowgirl Cunnilingus.SLoop.0": 0.9995918,
  "Cowgirl Cunnilingus.OLoop.0": 0.87395,
  "Cowgirl Cunnilingus (Alt).WLoop.0": 0.25,
  "Cowgirl Cunnilingus (Alt).SLoop.0": 0,
  "Cowgirl Cunnilingus (Alt).OLoop.0": 0.9146178,
  "Cowgirl Cunnilingus.WLoop.1": 0.25,
  "Cowgirl Cunnilingus.SLoop.1": 0,
  "Cowgirl Cunnilingus.OLoop.1": 0.87395,
  "Cowgirl Cunnilingus (Alt).WLoop.1": 0.05144724,
  "Cowgirl Cunnilingus (Alt).SLoop.1": 0.973187,
  "Cowgirl Cunnilingus (Alt).OLoop.1": 0.9305124,
  // Receive
  "Handjob (One Hand).SLoop.0": 0.5,
  "Handjob (Two Hands).SLoop.0": 0.5,
  "Standing HJ (One Hand).SLoop.0": 0.5,
  "Standing HJ (One Hand).OLoop.0": 0.2,
  "Standing HJ & Ball Caress.SLoop.0": 0.5,
  "Standing HJ (Sex Sleeve).SLoop.0": 0.5,
  "Blowjob (One Hand).SLoop.0": 0.5,
  "Blowjob (One Hand).OLoop.0": 0.5,
  "Blowjob (Two Hands).SLoop.0": 0.5,
  "Standing HJ & Ball Lick.WLoop.0": 0.8,
  "Standing HJ & Ball Lick.SLoop.0": 0.3,
  "Standing BJ (One Hand).SLoop.0": 0.5,
  "Standing BJ (One Hand).OLoop.0": 0.5,
  "Standing BJ (Two Hands).SLoop.0": 0.5,
  "Standing BJ (Two Hands).OLoop.0": 0.5,
  "Standing BJ (No Hands).WLoop.0": 0.5,
  "Standing BJ (No Hands).SLoop.0": 0.5,
  "Standing BJ (No Hands).OLoop.0": 0.5,
  "Titjob.WLoop.0": 0.3,
  "Squeeze Titjob.SLoop.0": 0.5,
  "Titjob & Suck.WLoop.0": 0.2,
  "Standing Titjob.WLoop.0": 0.3,
  "Standing Titjob (Squeeze).WLoop.0": 0.5,
  "Standing Titjob (Squeeze).SLoop.0": 0.5,
  "Standing Titjob Suck.WLoop.0": 0.3,
}
